FA,concentration_in_g_per_mL,mol_wt,number_C_per_FA
c11:0,0.000108,200.32,11
c19:0,0.0001,312.53,19
c22:1w9,0.00011,352.59,22
